timestamp,polygon_id,polygon_name,latitude,longitude,soil_moisture,soil_temp_surface,soil_temp_10cm
2024-01-01 00:00:00,field1,Evergreen San Jose Field (CA),37.508,-121.492,0.368,9.9,9.4
2024-01-01 01:00:00,field1,Evergreen San Jose Field (CA),37.508,-121.492,0.373,9.2,9.3
2024-01-01 02:00:00,field1,Evergreen San Jose Field (CA),37.508,-121.492,0.375,8.4,9.3
2024-01-01 03:00:00,field1,Evergreen San Jose Field (CA),37.508,-121.492,0.374,7.8,9.2
2024-01-01 04:00:00,field1,Evergreen San Jose Field (CA),37.508,-121.492,0.373,7.4,9.1
2024-01-01 05:00:00,field1,Evergreen San Jose Field (CA),37.508,-121.492,0.372,7.2,9.1
2024-01-01 06:00:00,field1,Evergreen San Jose Field (CA),37.508,-121.492,0.372,6.8,8.9
2024-01-01 07:00:00,field1,Evergreen San Jose Field (CA),37.508,-121.492,0.371,6.5,8.9
2024-01-01 08:00:00,field1,Evergreen San Jose Field (CA),37.508,-121.492,0.37,6.2,8.7
2024-01-01 09:00:00,field1,Evergreen San Jose Field (CA),37.508,-121.492,0.37,5.9,8.6
2024-01-01 10:00:00,field1,Evergreen San Jose Field (CA),37.508,-121.492,0.369,5.8,8.4
2024-01-01 11:00:00,field1,Evergreen San Jose Field (CA),37.508,-121.492,0.368,5.7,8.2
2024-01-01 12:00:00,field1,Evergreen San Jose Field (CA),37.508,-121.492,0.368,5.4,8.1
2024-01-01 13:00:00,field1,Evergreen San Jose Field (CA),37.508,-121.492,0.361,5.1,8.1
2024-01-01 14:00:00,field1,Evergreen San Jose Field (CA),37.508,-121.492,0.36,5.0,7.9
2024-01-01 15:00:00,field1,Evergreen San Jose Field (CA),37.508,-121.492,0.36,4.7,7.8
2024-01-01 16:00:00,field1,Evergreen San Jose Field (CA),37.508,-121.492,0.36,4.6,7.6
2024-01-01 17:00:00,field1,Evergreen San Jose Field (CA),37.508,-121.492,0.36,5.8,7.5
2024-01-01 18:00:00,field1,Evergreen San Jose Field (CA),37.508,-121.492,0.359,7.5,7.5
2024-01-01 19:00:00,field1,Evergreen San Jose Field (CA),37.508,-121.492,0.358,9.1,7.7
2024-01-01 20:00:00,field1,Evergreen San Jose Field (CA),37.508,-121.492,0.357,10.2,7.8
2024-01-01 21:00:00,field1,Evergreen San Jose Field (CA),37.508,-121.492,0.356,11.1,8.1
2024-01-01 22:00:00,field1,Evergreen San Jose Field (CA),37.508,-121.492,0.356,11.6,8.4
2024-01-01 23:00:00,field1,Evergreen San Jose Field (CA),37.508,-121.492,0.355,11.8,8.7
2024-01-02 00:00:00,field1,Evergreen San Jose Field (CA),37.508,-121.492,0.354,11.3,8.9
2024-01-02 01:00:00,field1,Evergreen San Jose Field (CA),37.508,-121.492,0.352,10.8,9.2
2024-01-02 02:00:00,field1,Evergreen San Jose Field (CA),37.508,-121.492,0.351,9.4,9.4
2024-01-02 03:00:00,field1,Evergreen San Jose Field (CA),37.508,-121.492,0.351,8.4,9.3
2024-01-02 04:00:00,field1,Evergreen San Jose Field (CA),37.508,-121.492,0.351,7.8,9.2
2024-01-02 05:00:00,field1,Evergreen San Jose Field (CA),37.508,-121.492,0.351,7.3,9.1
2024-01-02 06:00:00,field1,Evergreen San Jose Field (CA),37.508,-121.492,0.351,6.9,9.1
2024-01-02 07:00:00,field1,Evergreen San Jose Field (CA),37.508,-121.492,0.351,6.6,8.9
2024-01-02 08:00:00,field1,Evergreen San Jose Field (CA),37.508,-121.492,0.35,6.3,8.8
2024-01-02 09:00:00,field1,Evergreen San Jose Field (CA),37.508,-121.492,0.35,6.1,8.6
2024-01-02 10:00:00,field1,Evergreen San Jose Field (CA),37.508,-121.492,0.35,5.8,8.5
2024-01-02 11:00:00,field1,Evergreen San Jose Field (CA),37.508,-121.492,0.35,5.6,8.4
2024-01-02 12:00:00,field1,Evergreen San Jose Field (CA),37.508,-121.492,0.35,5.4,8.2
2024-01-02 13:00:00,field1,Evergreen San Jose Field (CA),37.508,-121.492,0.35,5.4,7.9
2024-01-02 14:00:00,field1,Evergreen San Jose Field (CA),37.508,-121.492,0.35,5.4,7.8
2024-01-02 15:00:00,field1,Evergreen San Jose Field (CA),37.508,-121.492,0.35,5.5,7.7
2024-01-02 16:00:00,field1,Evergreen San Jose Field (CA),37.508,-121.492,0.35,5.7,7.6
2024-01-02 17:00:00,field1,Evergreen San Jose Field (CA),37.508,-121.492,0.349,6.4,7.6
2024-01-02 18:00:00,field1,Evergreen San Jose Field (CA),37.508,-121.492,0.349,7.5,7.6
2024-01-02 19:00:00,field1,Evergreen San Jose Field (CA),37.508,-121.492,0.348,8.9,7.7
2024-01-02 20:00:00,field1,Evergreen San Jose Field (CA),37.508,-121.492,0.347,10.1,7.9
2024-01-02 21:00:00,field1,Evergreen San Jose Field (CA),37.508,-121.492,0.346,10.9,8.1
2024-01-02 22:00:00,field1,Evergreen San Jose Field (CA),37.508,-121.492,0.345,11.4,8.4
2024-01-02 23:00:00,field1,Evergreen San Jose Field (CA),37.508,-121.492,0.344,11.1,8.6
2024-01-03 00:00:00,field1,Evergreen San Jose Field (CA),37.508,-121.492,0.344,10.6,8.9
2024-01-03 01:00:00,field1,Evergreen San Jose Field (CA),37.508,-121.492,0.347,9.8,8.9
2024-01-03 02:00:00,field1,Evergreen San Jose Field (CA),37.508,-121.492,0.347,9.1,8.9
2024-01-03 03:00:00,field1,Evergreen San Jose Field (CA),37.508,-121.492,0.349,8.8,8.9
2024-01-03 04:00:00,field1,Evergreen San Jose Field (CA),37.508,-121.492,0.396,8.4,8.9
2024-01-03 05:00:00,field1,Evergreen San Jose Field (CA),37.508,-121.492,0.434,7.9,8.9
2024-01-03 06:00:00,field1,Evergreen San Jose Field (CA),37.508,-121.492,0.429,7.3,8.9
2024-01-03 07:00:00,field1,Evergreen San Jose Field (CA),37.508,-121.492,0.42,6.9,8.8
2024-01-03 08:00:00,field1,Evergreen San Jose Field (CA),37.508,-121.492,0.413,6.6,8.6
2024-01-03 09:00:00,field1,Evergreen San Jose Field (CA),37.508,-121.492,0.408,6.3,8.6
2024-01-03 10:00:00,field1,Evergreen San Jose Field (CA),37.508,-121.492,0.404,6.2,8.4
2024-01-03 11:00:00,field1,Evergreen San Jose Field (CA),37.508,-121.492,0.401,6.0,8.3
2024-01-03 12:00:00,field1,Evergreen San Jose Field (CA),37.508,-121.492,0.398,5.8,8.1
2024-01-03 13:00:00,field1,Evergreen San Jose Field (CA),37.508,-121.492,0.392,5.7,7.9
2024-01-03 14:00:00,field1,Evergreen San Jose Field (CA),37.508,-121.492,0.389,5.1,7.8
2024-01-03 15:00:00,field1,Evergreen San Jose Field (CA),37.508,-121.492,0.391,4.8,7.7
2024-01-03 16:00:00,field1,Evergreen San Jose Field (CA),37.508,-121.492,0.398,4.8,7.6
2024-01-03 17:00:00,field1,Evergreen San Jose Field (CA),37.508,-121.492,0.399,5.2,7.4
2024-01-03 18:00:00,field1,Evergreen San Jose Field (CA),37.508,-121.492,0.396,5.9,7.3
2024-01-03 19:00:00,field1,Evergreen San Jose Field (CA),37.508,-121.492,0.395,6.2,7.3
2024-01-03 20:00:00,field1,Evergreen San Jose Field (CA),37.508,-121.492,0.394,6.7,7.3
2024-01-03 21:00:00,field1,Evergreen San Jose Field (CA),37.508,-121.492,0.392,7.2,7.3
2024-01-03 22:00:00,field1,Evergreen San Jose Field (CA),37.508,-121.492,0.391,7.2,7.4
2024-01-03 23:00:00,field1,Evergreen San Jose Field (CA),37.508,-121.492,0.39,7.2,7.4
2024-01-04 00:00:00,field1,Evergreen San Jose Field (CA),37.508,-121.492,0.389,7.0,7.5
2024-01-04 01:00:00,field1,Evergreen San Jose Field (CA),37.508,-121.492,0.391,6.9,7.7
2024-01-04 02:00:00,field1,Evergreen San Jose Field (CA),37.508,-121.492,0.389,6.3,7.7
2024-01-04 03:00:00,field1,Evergreen San Jose Field (CA),37.508,-121.492,0.387,5.8,7.6
2024-01-04 04:00:00,field1,Evergreen San Jose Field (CA),37.508,-121.492,0.386,5.3,7.5
2024-01-04 05:00:00,field1,Evergreen San Jose Field (CA),37.508,-121.492,0.384,5.1,7.4
2024-01-04 06:00:00,field1,Evergreen San Jose Field (CA),37.508,-121.492,0.382,4.8,7.2
2024-01-04 07:00:00,field1,Evergreen San Jose Field (CA),37.508,-121.492,0.381,4.6,7.2
2024-01-04 08:00:00,field1,Evergreen San Jose Field (CA),37.508,-121.492,0.38,4.4,7.0
2024-01-04 09:00:00,field1,Evergreen San Jose Field (CA),37.508,-121.492,0.379,4.3,6.9
2024-01-04 10:00:00,field1,Evergreen San Jose Field (CA),37.508,-121.492,0.377,4.2,6.8
2024-01-04 11:00:00,field1,Evergreen San Jose Field (CA),37.508,-121.492,0.376,4.1,6.7
2024-01-04 12:00:00,field1,Evergreen San Jose Field (CA),37.508,-121.492,0.375,3.8,6.6
2024-01-04 13:00:00,field1,Evergreen San Jose Field (CA),37.508,-121.492,0.372,4.5,6.4
2024-01-04 14:00:00,field1,Evergreen San Jose Field (CA),37.508,-121.492,0.371,4.4,6.4
2024-01-04 15:00:00,field1,Evergreen San Jose Field (CA),37.508,-121.492,0.371,4.3,6.3
2024-01-04 16:00:00,field1,Evergreen San Jose Field (CA),37.508,-121.492,0.37,4.2,6.2
2024-01-04 17:00:00,field1,Evergreen San Jose Field (CA),37.508,-121.492,0.369,4.8,6.2
2024-01-04 18:00:00,field1,Evergreen San Jose Field (CA),37.508,-121.492,0.368,5.9,6.2
2024-01-04 19:00:00,field1,Evergreen San Jose Field (CA),37.508,-121.492,0.367,7.2,6.3
2024-01-04 20:00:00,field1,Evergreen San Jose Field (CA),37.508,-121.492,0.366,8.2,6.5
2024-01-04 21:00:00,field1,Evergreen San Jose Field (CA),37.508,-121.492,0.364,9.1,6.8
2024-01-04 22:00:00,field1,Evergreen San Jose Field (CA),37.508,-121.492,0.363,9.6,7.0
2024-01-04 23:00:00,field1,Evergreen San Jose Field (CA),37.508,-121.492,0.362,9.6,7.2
2024-01-05 00:00:00,field1,Evergreen San Jose Field (CA),37.508,-121.492,0.361,9.2,7.5
2024-01-05 01:00:00,field1,Evergreen San Jose Field (CA),37.508,-121.492,0.359,8.9,7.6
2024-01-05 02:00:00,field1,Evergreen San Jose Field (CA),37.508,-121.492,0.358,7.8,7.7
2024-01-05 03:00:00,field1,Evergreen San Jose Field (CA),37.508,-121.492,0.358,7.0,7.7
2024-01-05 04:00:00,field1,Evergreen San Jose Field (CA),37.508,-121.492,0.357,6.5,7.7
2024-01-05 05:00:00,field1,Evergreen San Jose Field (CA),37.508,-121.492,0.357,6.2,7.7
2024-01-05 06:00:00,field1,Evergreen San Jose Field (CA),37.508,-121.492,0.357,5.8,7.6
2024-01-05 07:00:00,field1,Evergreen San Jose Field (CA),37.508,-121.492,0.356,5.8,7.5
2024-01-05 08:00:00,field1,Evergreen San Jose Field (CA),37.508,-121.492,0.356,5.9,7.4
2024-01-05 09:00:00,field1,Evergreen San Jose Field (CA),37.508,-121.492,0.356,6.2,7.4
2024-01-05 10:00:00,field1,Evergreen San Jose Field (CA),37.508,-121.492,0.355,6.2,7.4
2024-01-05 11:00:00,field1,Evergreen San Jose Field (CA),37.508,-121.492,0.355,6.3,7.3
2024-01-05 12:00:00,field1,Evergreen San Jose Field (CA),37.508,-121.492,0.355,6.3,7.3
2024-01-05 13:00:00,field1,Evergreen San Jose Field (CA),37.508,-121.492,0.355,6.3,7.3
2024-01-05 14:00:00,field1,Evergreen San Jose Field (CA),37.508,-121.492,0.355,5.8,7.3
2024-01-05 15:00:00,field1,Evergreen San Jose Field (CA),37.508,-121.492,0.354,5.3,7.2
2024-01-05 16:00:00,field1,Evergreen San Jose Field (CA),37.508,-121.492,0.354,5.3,7.2
2024-01-05 17:00:00,field1,Evergreen San Jose Field (CA),37.508,-121.492,0.354,6.2,7.1
2024-01-05 18:00:00,field1,Evergreen San Jose Field (CA),37.508,-121.492,0.354,7.2,7.2
2024-01-05 19:00:00,field1,Evergreen San Jose Field (CA),37.508,-121.492,0.353,8.2,7.2
2024-01-05 20:00:00,field1,Evergreen San Jose Field (CA),37.508,-121.492,0.352,9.3,7.4
2024-01-05 21:00:00,field1,Evergreen San Jose Field (CA),37.508,-121.492,0.351,10.1,7.7
2024-01-05 22:00:00,field1,Evergreen San Jose Field (CA),37.508,-121.492,0.35,10.4,7.9
2024-01-05 23:00:00,field1,Evergreen San Jose Field (CA),37.508,-121.492,0.349,10.5,8.1
2024-01-06 00:00:00,field1,Evergreen San Jose Field (CA),37.508,-121.492,0.349,10.1,8.3
2024-01-06 01:00:00,field1,Evergreen San Jose Field (CA),37.508,-121.492,0.347,9.5,8.6
2024-01-06 02:00:00,field1,Evergreen San Jose Field (CA),37.508,-121.492,0.347,8.4,8.6
2024-01-06 03:00:00,field1,Evergreen San Jose Field (CA),37.508,-121.492,0.347,7.6,8.6
2024-01-06 04:00:00,field1,Evergreen San Jose Field (CA),37.508,-121.492,0.347,6.8,8.5
2024-01-06 05:00:00,field1,Evergreen San Jose Field (CA),37.508,-121.492,0.346,6.3,8.4
2024-01-06 06:00:00,field1,Evergreen San Jose Field (CA),37.508,-121.492,0.346,5.9,8.3
2024-01-06 07:00:00,field1,Evergreen San Jose Field (CA),37.508,-121.492,0.346,5.7,8.1
2024-01-06 08:00:00,field1,Evergreen San Jose Field (CA),37.508,-121.492,0.345,5.3,8.0
2024-01-06 09:00:00,field1,Evergreen San Jose Field (CA),37.508,-121.492,0.345,4.9,7.8
2024-01-06 10:00:00,field1,Evergreen San Jose Field (CA),37.508,-121.492,0.345,4.4,7.7
2024-01-06 11:00:00,field1,Evergreen San Jose Field (CA),37.508,-121.492,0.345,4.0,7.4
2024-01-06 12:00:00,field1,Evergreen San Jose Field (CA),37.508,-121.492,0.344,3.8,7.2
2024-01-06 13:00:00,field1,Evergreen San Jose Field (CA),37.508,-121.492,0.345,3.8,7.1
2024-01-06 14:00:00,field1,Evergreen San Jose Field (CA),37.508,-121.492,0.345,4.0,6.9
2024-01-06 15:00:00,field1,Evergreen San Jose Field (CA),37.508,-121.492,0.344,4.2,6.8
2024-01-06 16:00:00,field1,Evergreen San Jose Field (CA),37.508,-121.492,0.344,4.4,6.7
2024-01-06 17:00:00,field1,Evergreen San Jose Field (CA),37.508,-121.492,0.344,5.1,6.6
2024-01-06 18:00:00,field1,Evergreen San Jose Field (CA),37.508,-121.492,0.343,6.2,6.6
2024-01-06 19:00:00,field1,Evergreen San Jose Field (CA),37.508,-121.492,0.342,7.2,6.7
2024-01-06 20:00:00,field1,Evergreen San Jose Field (CA),37.508,-121.492,0.342,7.7,6.8
2024-01-06 21:00:00,field1,Evergreen San Jose Field (CA),37.508,-121.492,0.341,7.9,6.9
2024-01-06 22:00:00,field1,Evergreen San Jose Field (CA),37.508,-121.492,0.35,7.4,7.1
2024-01-06 23:00:00,field1,Evergreen San Jose Field (CA),37.508,-121.492,0.397,6.5,7.1
2024-01-07 00:00:00,field1,Evergreen San Jose Field (CA),37.508,-121.492,0.415,6.2,7.1
2024-01-07 01:00:00,field1,Evergreen San Jose Field (CA),37.508,-121.492,0.402,6.6,7.1
2024-01-07 02:00:00,field1,Evergreen San Jose Field (CA),37.508,-121.492,0.398,5.8,7.1
2024-01-07 03:00:00,field1,Evergreen San Jose Field (CA),37.508,-121.492,0.394,5.2,7.1
2024-01-07 04:00:00,field1,Evergreen San Jose Field (CA),37.508,-121.492,0.391,4.6,6.9
2024-01-07 05:00:00,field1,Evergreen San Jose Field (CA),37.508,-121.492,0.389,4.0,6.8
2024-01-07 06:00:00,field1,Evergreen San Jose Field (CA),37.508,-121.492,0.386,3.4,6.7
2024-01-07 07:00:00,field1,Evergreen San Jose Field (CA),37.508,-121.492,0.384,3.0,6.4
2024-01-07 08:00:00,field1,Evergreen San Jose Field (CA),37.508,-121.492,0.382,2.5,6.2
2024-01-07 09:00:00,field1,Evergreen San Jose Field (CA),37.508,-121.492,0.381,2.3,6.1
2024-01-07 10:00:00,field1,Evergreen San Jose Field (CA),37.508,-121.492,0.379,2.1,5.8
2024-01-07 11:00:00,field1,Evergreen San Jose Field (CA),37.508,-121.492,0.377,1.8,5.7
2024-01-07 12:00:00,field1,Evergreen San Jose Field (CA),37.508,-121.492,0.376,1.5,5.4
2024-01-07 13:00:00,field1,Evergreen San Jose Field (CA),37.508,-121.492,0.372,2.0,5.4
2024-01-07 14:00:00,field1,Evergreen San Jose Field (CA),37.508,-121.492,0.371,1.8,5.2
2024-01-07 15:00:00,field1,Evergreen San Jose Field (CA),37.508,-121.492,0.37,1.6,5.1
2024-01-07 16:00:00,field1,Evergreen San Jose Field (CA),37.508,-121.492,0.369,1.6,4.9
2024-01-07 17:00:00,field1,Evergreen San Jose Field (CA),37.508,-121.492,0.368,2.3,4.8
2024-01-07 18:00:00,field1,Evergreen San Jose Field (CA),37.508,-121.492,0.367,3.5,4.8
2024-01-07 19:00:00,field1,Evergreen San Jose Field (CA),37.508,-121.492,0.365,4.6,4.8
2024-01-07 20:00:00,field1,Evergreen San Jose Field (CA),37.508,-121.492,0.364,5.6,4.9
2024-01-07 21:00:00,field1,Evergreen San Jose Field (CA),37.508,-121.492,0.362,6.3,5.1
2024-01-07 22:00:00,field1,Evergreen San Jose Field (CA),37.508,-121.492,0.361,6.7,5.3
2024-01-07 23:00:00,field1,Evergreen San Jose Field (CA),37.508,-121.492,0.36,6.8,5.5
2024-01-08 00:00:00,field1,Evergreen San Jose Field (CA),37.508,-121.492,0.359,6.4,5.7
2024-01-08 01:00:00,field1,Evergreen San Jose Field (CA),37.508,-121.492,0.356,6.0,5.8
2024-01-08 02:00:00,field1,Evergreen San Jose Field (CA),37.508,-121.492,0.355,4.9,5.8
2024-01-08 03:00:00,field1,Evergreen San Jose Field (CA),37.508,-121.492,0.355,4.2,5.8
2024-01-08 04:00:00,field1,Evergreen San Jose Field (CA),37.508,-121.492,0.354,3.6,5.8
2024-01-08 05:00:00,field1,Evergreen San Jose Field (CA),37.508,-121.492,0.354,3.2,5.7
2024-01-08 06:00:00,field1,Evergreen San Jose Field (CA),37.508,-121.492,0.353,2.9,5.6
2024-01-08 07:00:00,field1,Evergreen San Jose Field (CA),37.508,-121.492,0.353,2.7,5.4
2024-01-08 08:00:00,field1,Evergreen San Jose Field (CA),37.508,-121.492,0.352,2.7,5.3
2024-01-08 09:00:00,field1,Evergreen San Jose Field (CA),37.508,-121.492,0.352,2.8,5.2
2024-01-08 10:00:00,field1,Evergreen San Jose Field (CA),37.508,-121.492,0.352,2.7,5.1
2024-01-08 11:00:00,field1,Evergreen San Jose Field (CA),37.508,-121.492,0.351,2.6,5.0
2024-01-08 12:00:00,field1,Evergreen San Jose Field (CA),37.508,-121.492,0.351,2.5,4.9
2024-01-08 13:00:00,field1,Evergreen San Jose Field (CA),37.508,-121.492,0.355,2.6,4.9
2024-01-08 14:00:00,field1,Evergreen San Jose Field (CA),37.508,-121.492,0.355,2.5,4.8
2024-01-08 15:00:00,field1,Evergreen San Jose Field (CA),37.508,-121.492,0.354,2.3,4.8
2024-01-08 16:00:00,field1,Evergreen San Jose Field (CA),37.508,-121.492,0.354,2.2,4.7
2024-01-08 17:00:00,field1,Evergreen San Jose Field (CA),37.508,-121.492,0.353,3.1,4.6
2024-01-08 18:00:00,field1,Evergreen San Jose Field (CA),37.508,-121.492,0.353,4.3,4.7
2024-01-08 19:00:00,field1,Evergreen San Jose Field (CA),37.508,-121.492,0.351,5.6,4.8
2024-01-08 20:00:00,field1,Evergreen San Jose Field (CA),37.508,-121.492,0.35,6.8,4.9
2024-01-08 21:00:00,field1,Evergreen San Jose Field (CA),37.508,-121.492,0.349,7.7,5.2
2024-01-08 22:00:00,field1,Evergreen San Jose Field (CA),37.508,-121.492,0.348,8.3,5.5
2024-01-08 23:00:00,field1,Evergreen San Jose Field (CA),37.508,-121.492,0.347,8.4,5.8
2024-01-09 00:00:00,field1,Evergreen San Jose Field (CA),37.508,-121.492,0.346,8.0,6.0
2024-01-09 01:00:00,field1,Evergreen San Jose Field (CA),37.508,-121.492,0.341,7.5,6.2
2024-01-09 02:00:00,field1,Evergreen San Jose Field (CA),37.508,-121.492,0.341,6.2,6.3
2024-01-09 03:00:00,field1,Evergreen San Jose Field (CA),37.508,-121.492,0.341,5.3,6.3
2024-01-09 04:00:00,field1,Evergreen San Jose Field (CA),37.508,-121.492,0.341,4.8,6.3
2024-01-09 05:00:00,field1,Evergreen San Jose Field (CA),37.508,-121.492,0.34,4.3,6.2
2024-01-09 06:00:00,field1,Evergreen San Jose Field (CA),37.508,-121.492,0.34,3.9,6.2
2024-01-09 07:00:00,field1,Evergreen San Jose Field (CA),37.508,-121.492,0.34,3.6,6.1
2024-01-09 08:00:00,field1,Evergreen San Jose Field (CA),37.508,-121.492,0.34,3.7,5.9
2024-01-09 09:00:00,field1,Evergreen San Jose Field (CA),37.508,-121.492,0.34,4.1,5.8
2024-01-09 10:00:00,field1,Evergreen San Jose Field (CA),37.508,-121.492,0.34,4.3,5.8
2024-01-09 11:00:00,field1,Evergreen San Jose Field (CA),37.508,-121.492,0.34,4.7,5.8
2024-01-09 12:00:00,field1,Evergreen San Jose Field (CA),37.508,-121.492,0.339,4.9,5.8
2024-01-09 13:00:00,field1,Evergreen San Jose Field (CA),37.508,-121.492,0.342,4.8,5.7
2024-01-09 14:00:00,field1,Evergreen San Jose Field (CA),37.508,-121.492,0.342,5.1,5.8
2024-01-09 15:00:00,field1,Evergreen San Jose Field (CA),37.508,-121.492,0.342,4.9,5.8
2024-01-09 16:00:00,field1,Evergreen San Jose Field (CA),37.508,-121.492,0.342,5.1,5.8
2024-01-09 17:00:00,field1,Evergreen San Jose Field (CA),37.508,-121.492,0.341,5.7,5.8
2024-01-09 18:00:00,field1,Evergreen San Jose Field (CA),37.508,-121.492,0.341,6.3,5.9
2024-01-09 19:00:00,field1,Evergreen San Jose Field (CA),37.508,-121.492,0.341,6.9,6.0
2024-01-09 20:00:00,field1,Evergreen San Jose Field (CA),37.508,-121.492,0.342,7.5,6.2
2024-01-09 21:00:00,field1,Evergreen San Jose Field (CA),37.508,-121.492,0.343,8.1,6.3
2024-01-09 22:00:00,field1,Evergreen San Jose Field (CA),37.508,-121.492,0.346,8.2,6.5
2024-01-09 23:00:00,field1,Evergreen San Jose Field (CA),37.508,-121.492,0.346,8.0,6.7
2024-01-10 00:00:00,field1,Evergreen San Jose Field (CA),37.508,-121.492,0.346,7.8,6.8
2024-01-10 01:00:00,field1,Evergreen San Jose Field (CA),37.508,-121.492,0.339,7.6,6.9
2024-01-10 02:00:00,field1,Evergreen San Jose Field (CA),37.508,-121.492,0.339,6.7,7.0
2024-01-10 03:00:00,field1,Evergreen San Jose Field (CA),37.508,-121.492,0.338,6.0,7.0
2024-01-10 04:00:00,field1,Evergreen San Jose Field (CA),37.508,-121.492,0.338,5.6,6.9
2024-01-10 05:00:00,field1,Evergreen San Jose Field (CA),37.508,-121.492,0.338,5.2,6.9
2024-01-10 06:00:00,field1,Evergreen San Jose Field (CA),37.508,-121.492,0.338,4.8,6.8
2024-01-10 07:00:00,field1,Evergreen San Jose Field (CA),37.508,-121.492,0.338,4.3,6.7
2024-01-10 08:00:00,field1,Evergreen San Jose Field (CA),37.508,-121.492,0.338,3.8,6.6
2024-01-10 09:00:00,field1,Evergreen San Jose Field (CA),37.508,-121.492,0.337,3.5,6.4
2024-01-10 10:00:00,field1,Evergreen San Jose Field (CA),37.508,-121.492,0.337,3.2,6.2
2024-01-10 11:00:00,field1,Evergreen San Jose Field (CA),37.508,-121.492,0.337,3.0,6.1
2024-01-10 12:00:00,field1,Evergreen San Jose Field (CA),37.508,-121.492,0.337,3.0,5.9
2024-01-10 13:00:00,field1,Evergreen San Jose Field (CA),37.508,-121.492,0.333,3.1,5.8
2024-01-10 14:00:00,field1,Evergreen San Jose Field (CA),37.508,-121.492,0.333,3.0,5.7
2024-01-10 15:00:00,field1,Evergreen San Jose Field (CA),37.508,-121.492,0.333,3.0,5.5
2024-01-10 16:00:00,field1,Evergreen San Jose Field (CA),37.508,-121.492,0.333,3.0,5.4
2024-01-10 17:00:00,field1,Evergreen San Jose Field (CA),37.508,-121.492,0.332,3.8,5.3
2024-01-10 18:00:00,field1,Evergreen San Jose Field (CA),37.508,-121.492,0.332,4.8,5.3
2024-01-10 19:00:00,field1,Evergreen San Jose Field (CA),37.508,-121.492,0.333,5.5,5.4
2024-01-10 20:00:00,field1,Evergreen San Jose Field (CA),37.508,-121.492,0.336,6.0,5.5
2024-01-10 21:00:00,field1,Evergreen San Jose Field (CA),37.508,-121.492,0.345,6.3,5.6
2024-01-10 22:00:00,field1,Evergreen San Jose Field (CA),37.508,-121.492,0.354,6.3,5.8
2024-01-10 23:00:00,field1,Evergreen San Jose Field (CA),37.508,-121.492,0.367,6.2,5.8
2024-01-11 00:00:00,field1,Evergreen San Jose Field (CA),37.508,-121.492,0.383,6.0,5.9
2024-01-11 01:00:00,field1,Evergreen San Jose Field (CA),37.508,-121.492,0.378,6.2,6.0
2024-01-11 02:00:00,field1,Evergreen San Jose Field (CA),37.508,-121.492,0.381,5.9,6.1
2024-01-11 03:00:00,field1,Evergreen San Jose Field (CA),37.508,-121.492,0.391,5.8,6.1
2024-01-11 04:00:00,field1,Evergreen San Jose Field (CA),37.508,-121.492,0.402,5.6,6.2
2024-01-11 05:00:00,field1,Evergreen San Jose Field (CA),37.508,-121.492,0.415,5.3,6.2
2024-01-11 06:00:00,field1,Evergreen San Jose Field (CA),37.508,-121.492,0.409,5.1,6.2
2024-01-11 07:00:00,field1,Evergreen San Jose Field (CA),37.508,-121.492,0.403,4.4,6.1
2024-01-11 08:00:00,field1,Evergreen San Jose Field (CA),37.508,-121.492,0.398,3.7,6.0
2024-01-11 09:00:00,field1,Evergreen San Jose Field (CA),37.508,-121.492,0.395,3.1,5.8
2024-01-11 10:00:00,field1,Evergreen San Jose Field (CA),37.508,-121.492,0.392,2.5,5.7
2024-01-11 11:00:00,field1,Evergreen San Jose Field (CA),37.508,-121.492,0.389,2.2,5.5
2024-01-11 12:00:00,field1,Evergreen San Jose Field (CA),37.508,-121.492,0.386,1.9,5.3
2024-01-11 13:00:00,field1,Evergreen San Jose Field (CA),37.508,-121.492,0.384,1.7,5.2
2024-01-11 14:00:00,field1,Evergreen San Jose Field (CA),37.508,-121.492,0.382,1.6,4.9
2024-01-11 15:00:00,field1,Evergreen San Jose Field (CA),37.508,-121.492,0.381,1.4,4.8
2024-01-11 16:00:00,field1,Evergreen San Jose Field (CA),37.508,-121.492,0.379,1.4,4.7
2024-01-11 17:00:00,field1,Evergreen San Jose Field (CA),37.508,-121.492,0.378,2.0,4.5
2024-01-11 18:00:00,field1,Evergreen San Jose Field (CA),37.508,-121.492,0.376,3.2,4.4
2024-01-11 19:00:00,field1,Evergreen San Jose Field (CA),37.508,-121.492,0.374,4.6,4.5
2024-01-11 20:00:00,field1,Evergreen San Jose Field (CA),37.508,-121.492,0.372,5.8,4.7
2024-01-11 21:00:00,field1,Evergreen San Jose Field (CA),37.508,-121.492,0.37,6.7,4.8
2024-01-11 22:00:00,field1,Evergreen San Jose Field (CA),37.508,-121.492,0.368,7.2,5.1
2024-01-11 23:00:00,field1,Evergreen San Jose Field (CA),37.508,-121.492,0.367,7.4,5.3
2024-01-12 00:00:00,field1,Evergreen San Jose Field (CA),37.508,-121.492,0.366,7.0,5.5
2024-01-12 01:00:00,field1,Evergreen San Jose Field (CA),37.508,-121.492,0.362,6.6,5.8
2024-01-12 02:00:00,field1,Evergreen San Jose Field (CA),37.508,-121.492,0.362,4.9,5.8
2024-01-12 03:00:00,field1,Evergreen San Jose Field (CA),37.508,-121.492,0.361,4.0,5.8
2024-01-12 04:00:00,field1,Evergreen San Jose Field (CA),37.508,-121.492,0.361,3.2,5.7
2024-01-12 05:00:00,field1,Evergreen San Jose Field (CA),37.508,-121.492,0.36,2.8,5.6
2024-01-12 06:00:00,field1,Evergreen San Jose Field (CA),37.508,-121.492,0.359,2.4,5.4
2024-01-12 07:00:00,field1,Evergreen San Jose Field (CA),37.508,-121.492,0.359,2.0,5.2
2024-01-12 08:00:00,field1,Evergreen San Jose Field (CA),37.508,-121.492,0.358,1.7,5.1
2024-01-12 09:00:00,field1,Evergreen San Jose Field (CA),37.508,-121.492,0.358,1.5,4.9
2024-01-12 10:00:00,field1,Evergreen San Jose Field (CA),37.508,-121.492,0.357,1.2,4.7
2024-01-12 11:00:00,field1,Evergreen San Jose Field (CA),37.508,-121.492,0.357,1.1,4.6
2024-01-12 12:00:00,field1,Evergreen San Jose Field (CA),37.508,-121.492,0.356,1.0,4.3
2024-01-12 13:00:00,field1,Evergreen San Jose Field (CA),37.508,-121.492,0.355,1.0,4.2
2024-01-12 14:00:00,field1,Evergreen San Jose Field (CA),37.508,-121.492,0.355,0.9,4.1
2024-01-12 15:00:00,field1,Evergreen San Jose Field (CA),37.508,-121.492,0.354,0.9,4.0
2024-01-12 16:00:00,field1,Evergreen San Jose Field (CA),37.508,-121.492,0.354,1.0,3.8
2024-01-12 17:00:00,field1,Evergreen San Jose Field (CA),37.508,-121.492,0.354,2.0,3.8
2024-01-12 18:00:00,field1,Evergreen San Jose Field (CA),37.508,-121.492,0.353,3.5,3.8
2024-01-12 19:00:00,field1,Evergreen San Jose Field (CA),37.508,-121.492,0.352,4.4,3.9
2024-01-12 20:00:00,field1,Evergreen San Jose Field (CA),37.508,-121.492,0.351,5.8,4.1
2024-01-12 21:00:00,field1,Evergreen San Jose Field (CA),37.508,-121.492,0.35,6.6,4.3
2024-01-12 22:00:00,field1,Evergreen San Jose Field (CA),37.508,-121.492,0.349,7.2,4.6
2024-01-12 23:00:00,field1,Evergreen San Jose Field (CA),37.508,-121.492,0.349,6.9,4.8
2024-01-13 00:00:00,field1,Evergreen San Jose Field (CA),37.508,-121.492,0.348,6.7,5.1
2024-01-13 01:00:00,field1,Evergreen San Jose Field (CA),37.508,-121.492,0.343,5.8,4.8
2024-01-13 02:00:00,field1,Evergreen San Jose Field (CA),37.508,-121.492,0.343,4.8,4.9
2024-01-13 03:00:00,field1,Evergreen San Jose Field (CA),37.508,-121.492,0.343,4.1,4.9
2024-01-13 04:00:00,field1,Evergreen San Jose Field (CA),37.508,-121.492,0.343,3.5,4.9
2024-01-13 05:00:00,field1,Evergreen San Jose Field (CA),37.508,-121.492,0.343,3.2,4.8
2024-01-13 06:00:00,field1,Evergreen San Jose Field (CA),37.508,-121.492,0.343,3.0,4.8
2024-01-13 07:00:00,field1,Evergreen San Jose Field (CA),37.508,-121.492,0.343,3.0,4.8
2024-01-13 08:00:00,field1,Evergreen San Jose Field (CA),37.508,-121.492,0.342,2.8,4.7
2024-01-13 09:00:00,field1,Evergreen San Jose Field (CA),37.508,-121.492,0.342,2.6,4.6
2024-01-13 10:00:00,field1,Evergreen San Jose Field (CA),37.508,-121.492,0.342,2.5,4.6
2024-01-13 11:00:00,field1,Evergreen San Jose Field (CA),37.508,-121.492,0.342,2.4,4.4
2024-01-13 12:00:00,field1,Evergreen San Jose Field (CA),37.508,-121.492,0.342,2.3,4.4
2024-01-13 13:00:00,field1,Evergreen San Jose Field (CA),37.508,-121.492,0.342,3.2,4.4
2024-01-13 14:00:00,field1,Evergreen San Jose Field (CA),37.508,-121.492,0.342,3.5,4.4
2024-01-13 15:00:00,field1,Evergreen San Jose Field (CA),37.508,-121.492,0.342,3.7,4.4
2024-01-13 16:00:00,field1,Evergreen San Jose Field (CA),37.508,-121.492,0.349,3.9,4.5
2024-01-13 17:00:00,field1,Evergreen San Jose Field (CA),37.508,-121.492,0.363,4.2,4.6
2024-01-13 18:00:00,field1,Evergreen San Jose Field (CA),37.508,-121.492,0.374,4.5,4.6
2024-01-13 19:00:00,field1,Evergreen San Jose Field (CA),37.508,-121.492,0.377,5.1,4.7
2024-01-13 20:00:00,field1,Evergreen San Jose Field (CA),37.508,-121.492,0.376,5.8,4.8
2024-01-13 21:00:00,field1,Evergreen San Jose Field (CA),37.508,-121.492,0.374,6.8,5.0
2024-01-13 22:00:00,field1,Evergreen San Jose Field (CA),37.508,-121.492,0.373,7.2,5.2
2024-01-13 23:00:00,field1,Evergreen San Jose Field (CA),37.508,-121.492,0.372,7.6,5.4
2024-01-14 00:00:00,field1,Evergreen San Jose Field (CA),37.508,-121.492,0.371,7.3,5.6
2024-01-14 01:00:00,field1,Evergreen San Jose Field (CA),37.508,-121.492,0.364,7.5,5.8
2024-01-14 02:00:00,field1,Evergreen San Jose Field (CA),37.508,-121.492,0.367,7.1,6.0
2024-01-14 03:00:00,field1,Evergreen San Jose Field (CA),37.508,-121.492,0.37,6.8,6.2
2024-01-14 04:00:00,field1,Evergreen San Jose Field (CA),37.508,-121.492,0.38,6.8,6.2
2024-01-14 05:00:00,field1,Evergreen San Jose Field (CA),37.508,-121.492,0.392,6.7,6.3
2024-01-14 06:00:00,field1,Evergreen San Jose Field (CA),37.508,-121.492,0.405,6.8,6.3
2024-01-14 07:00:00,field1,Evergreen San Jose Field (CA),37.508,-121.492,0.419,6.9,6.4
2024-01-14 08:00:00,field1,Evergreen San Jose Field (CA),37.508,-121.492,0.422,7.0,6.5
2024-01-14 09:00:00,field1,Evergreen San Jose Field (CA),37.508,-121.492,0.423,7.1,6.6
2024-01-14 10:00:00,field1,Evergreen San Jose Field (CA),37.508,-121.492,0.42,7.2,6.7
2024-01-14 11:00:00,field1,Evergreen San Jose Field (CA),37.508,-121.492,0.415,7.2,6.8
2024-01-14 12:00:00,field1,Evergreen San Jose Field (CA),37.508,-121.492,0.415,7.3,6.8
2024-01-14 13:00:00,field1,Evergreen San Jose Field (CA),37.508,-121.492,0.408,7.8,6.9
2024-01-14 14:00:00,field1,Evergreen San Jose Field (CA),37.508,-121.492,0.404,7.7,6.9
2024-01-14 15:00:00,field1,Evergreen San Jose Field (CA),37.508,-121.492,0.401,7.6,7.1
2024-01-14 16:00:00,field1,Evergreen San Jose Field (CA),37.508,-121.492,0.398,7.4,7.1
2024-01-14 17:00:00,field1,Evergreen San Jose Field (CA),37.508,-121.492,0.396,7.8,7.2
2024-01-14 18:00:00,field1,Evergreen San Jose Field (CA),37.508,-121.492,0.393,8.8,7.2
2024-01-14 19:00:00,field1,Evergreen San Jose Field (CA),37.508,-121.492,0.391,9.9,7.4
2024-01-14 20:00:00,field1,Evergreen San Jose Field (CA),37.508,-121.492,0.389,10.4,7.7
2024-01-14 21:00:00,field1,Evergreen San Jose Field (CA),37.508,-121.492,0.387,10.8,7.9
2024-01-14 22:00:00,field1,Evergreen San Jose Field (CA),37.508,-121.492,0.385,11.1,8.1
2024-01-14 23:00:00,field1,Evergreen San Jose Field (CA),37.508,-121.492,0.383,11.1,8.4
2024-01-15 00:00:00,field1,Evergreen San Jose Field (CA),37.508,-121.492,0.382,10.8,8.6
2024-01-15 01:00:00,field1,Evergreen San Jose Field (CA),37.508,-121.492,0.381,10.6,8.8
2024-01-15 02:00:00,field1,Evergreen San Jose Field (CA),37.508,-121.492,0.38,9.4,8.9
2024-01-15 03:00:00,field1,Evergreen San Jose Field (CA),37.508,-121.492,0.379,8.6,8.9
2024-01-15 04:00:00,field1,Evergreen San Jose Field (CA),37.508,-121.492,0.378,8.1,8.9
2024-01-15 05:00:00,field1,Evergreen San Jose Field (CA),37.508,-121.492,0.378,7.6,8.8
2024-01-15 06:00:00,field1,Evergreen San Jose Field (CA),37.508,-121.492,0.377,7.1,8.6
2024-01-15 07:00:00,field1,Evergreen San Jose Field (CA),37.508,-121.492,0.376,6.8,8.5
2024-01-15 08:00:00,field1,Evergreen San Jose Field (CA),37.508,-121.492,0.375,6.4,8.4
2024-01-15 09:00:00,field1,Evergreen San Jose Field (CA),37.508,-121.492,0.375,6.1,8.2
2024-01-15 10:00:00,field1,Evergreen San Jose Field (CA),37.508,-121.492,0.374,5.8,8.1
2024-01-15 11:00:00,field1,Evergreen San Jose Field (CA),37.508,-121.492,0.373,5.4,7.9
2024-01-15 12:00:00,field1,Evergreen San Jose Field (CA),37.508,-121.492,0.373,5.1,7.7
2024-01-15 13:00:00,field1,Evergreen San Jose Field (CA),37.508,-121.492,0.373,5.4,7.5
2024-01-15 14:00:00,field1,Evergreen San Jose Field (CA),37.508,-121.492,0.372,5.3,7.4
2024-01-15 15:00:00,field1,Evergreen San Jose Field (CA),37.508,-121.492,0.371,5.0,7.2
2024-01-15 16:00:00,field1,Evergreen San Jose Field (CA),37.508,-121.492,0.371,5.1,7.1
2024-01-15 17:00:00,field1,Evergreen San Jose Field (CA),37.508,-121.492,0.37,5.9,7.1
2024-01-15 18:00:00,field1,Evergreen San Jose Field (CA),37.508,-121.492,0.37,7.4,7.1
2024-01-15 19:00:00,field1,Evergreen San Jose Field (CA),37.508,-121.492,0.369,8.6,7.2
2024-01-15 20:00:00,field1,Evergreen San Jose Field (CA),37.508,-121.492,0.368,9.6,7.3
2024-01-15 21:00:00,field1,Evergreen San Jose Field (CA),37.508,-121.492,0.367,10.4,7.6
2024-01-15 22:00:00,field1,Evergreen San Jose Field (CA),37.508,-121.492,0.366,10.9,7.8
2024-01-15 23:00:00,field1,Evergreen San Jose Field (CA),37.508,-121.492,0.365,11.2,8.1
2024-01-16 00:00:00,field1,Evergreen San Jose Field (CA),37.508,-121.492,0.364,11.1,8.3
2024-01-16 01:00:00,field1,Evergreen San Jose Field (CA),37.508,-121.492,0.358,10.6,8.4
2024-01-16 02:00:00,field1,Evergreen San Jose Field (CA),37.508,-121.492,0.358,9.2,8.5
2024-01-16 03:00:00,field1,Evergreen San Jose Field (CA),37.508,-121.492,0.357,8.0,8.5
2024-01-16 04:00:00,field1,Evergreen San Jose Field (CA),37.508,-121.492,0.357,7.1,8.4
2024-01-16 05:00:00,field1,Evergreen San Jose Field (CA),37.508,-121.492,0.357,6.3,8.3
2024-01-16 06:00:00,field1,Evergreen San Jose Field (CA),37.508,-121.492,0.357,5.8,8.1
2024-01-16 07:00:00,field1,Evergreen San Jose Field (CA),37.508,-121.492,0.357,5.2,7.9
2024-01-16 08:00:00,field1,Evergreen San Jose Field (CA),37.508,-121.492,0.356,4.8,7.8
2024-01-16 09:00:00,field1,Evergreen San Jose Field (CA),37.508,-121.492,0.356,4.5,7.6
2024-01-16 10:00:00,field1,Evergreen San Jose Field (CA),37.508,-121.492,0.356,4.2,7.3
2024-01-16 11:00:00,field1,Evergreen San Jose Field (CA),37.508,-121.492,0.356,4.2,7.2
2024-01-16 12:00:00,field1,Evergreen San Jose Field (CA),37.508,-121.492,0.356,4.6,7.0
2024-01-16 13:00:00,field1,Evergreen San Jose Field (CA),37.508,-121.492,0.351,5.2,6.8
2024-01-16 14:00:00,field1,Evergreen San Jose Field (CA),37.508,-121.492,0.351,5.4,6.8
2024-01-16 15:00:00,field1,Evergreen San Jose Field (CA),37.508,-121.492,0.351,5.5,6.8
2024-01-16 16:00:00,field1,Evergreen San Jose Field (CA),37.508,-121.492,0.351,5.8,6.7
2024-01-16 17:00:00,field1,Evergreen San Jose Field (CA),37.508,-121.492,0.35,6.5,6.7
2024-01-16 18:00:00,field1,Evergreen San Jose Field (CA),37.508,-121.492,0.35,7.3,6.8
2024-01-16 19:00:00,field1,Evergreen San Jose Field (CA),37.508,-121.492,0.35,8.4,6.8
2024-01-16 20:00:00,field1,Evergreen San Jose Field (CA),37.508,-121.492,0.349,10.1,7.1
2024-01-16 21:00:00,field1,Evergreen San Jose Field (CA),37.508,-121.492,0.348,11.2,7.3
2024-01-16 22:00:00,field1,Evergreen San Jose Field (CA),37.508,-121.492,0.35,11.4,7.7
2024-01-16 23:00:00,field1,Evergreen San Jose Field (CA),37.508,-121.492,0.35,10.9,7.9
2024-01-17 00:00:00,field1,Evergreen San Jose Field (CA),37.508,-121.492,0.349,10.8,8.1
2024-01-17 01:00:00,field1,Evergreen San Jose Field (CA),37.508,-121.492,0.372,10.0,8.1
2024-01-17 02:00:00,field1,Evergreen San Jose Field (CA),37.508,-121.492,0.38,9.1,8.2
2024-01-17 03:00:00,field1,Evergreen San Jose Field (CA),37.508,-121.492,0.383,8.7,8.3
2024-01-17 04:00:00,field1,Evergreen San Jose Field (CA),37.508,-121.492,0.415,8.5,8.3
2024-01-17 05:00:00,field1,Evergreen San Jose Field (CA),37.508,-121.492,0.424,8.5,8.4
2024-01-17 06:00:00,field1,Evergreen San Jose Field (CA),37.508,-121.492,0.427,8.6,8.4
2024-01-17 07:00:00,field1,Evergreen San Jose Field (CA),37.508,-121.492,0.423,8.7,8.4
2024-01-17 08:00:00,field1,Evergreen San Jose Field (CA),37.508,-121.492,0.419,8.8,8.4
2024-01-17 09:00:00,field1,Evergreen San Jose Field (CA),37.508,-121.492,0.414,8.9,8.4
2024-01-17 10:00:00,field1,Evergreen San Jose Field (CA),37.508,-121.492,0.409,8.9,8.5
2024-01-17 11:00:00,field1,Evergreen San Jose Field (CA),37.508,-121.492,0.407,8.9,8.6
2024-01-17 12:00:00,field1,Evergreen San Jose Field (CA),37.508,-121.492,0.405,8.9,8.6
2024-01-17 13:00:00,field1,Evergreen San Jose Field (CA),37.508,-121.492,0.381,8.3,8.4
2024-01-17 14:00:00,field1,Evergreen San Jose Field (CA),37.508,-121.492,0.38,7.6,8.4
2024-01-17 15:00:00,field1,Evergreen San Jose Field (CA),37.508,-121.492,0.378,7.2,8.4
2024-01-17 16:00:00,field1,Evergreen San Jose Field (CA),37.508,-121.492,0.377,6.9,8.2
2024-01-17 17:00:00,field1,Evergreen San Jose Field (CA),37.508,-121.492,0.376,7.6,8.2
2024-01-17 18:00:00,field1,Evergreen San Jose Field (CA),37.508,-121.492,0.375,8.9,8.2
2024-01-17 19:00:00,field1,Evergreen San Jose Field (CA),37.508,-121.492,0.373,10.1,8.3
2024-01-17 20:00:00,field1,Evergreen San Jose Field (CA),37.508,-121.492,0.372,11.2,8.5
2024-01-17 21:00:00,field1,Evergreen San Jose Field (CA),37.508,-121.492,0.37,12.0,8.7
2024-01-17 22:00:00,field1,Evergreen San Jose Field (CA),37.508,-121.492,0.368,12.3,9.0
2024-01-17 23:00:00,field1,Evergreen San Jose Field (CA),37.508,-121.492,0.367,12.2,9.2
2024-01-18 00:00:00,field1,Evergreen San Jose Field (CA),37.508,-121.492,0.365,11.8,9.4
2024-01-18 01:00:00,field1,Evergreen San Jose Field (CA),37.508,-121.492,0.361,11.1,9.6
2024-01-18 02:00:00,field1,Evergreen San Jose Field (CA),37.508,-121.492,0.361,9.5,9.6
2024-01-18 03:00:00,field1,Evergreen San Jose Field (CA),37.508,-121.492,0.36,8.4,9.5
2024-01-18 04:00:00,field1,Evergreen San Jose Field (CA),37.508,-121.492,0.36,7.6,9.4
2024-01-18 05:00:00,field1,Evergreen San Jose Field (CA),37.508,-121.492,0.36,6.8,9.2
2024-01-18 06:00:00,field1,Evergreen San Jose Field (CA),37.508,-121.492,0.359,6.3,9.0
2024-01-18 07:00:00,field1,Evergreen San Jose Field (CA),37.508,-121.492,0.359,6.0,8.8
2024-01-18 08:00:00,field1,Evergreen San Jose Field (CA),37.508,-121.492,0.358,5.6,8.6
2024-01-18 09:00:00,field1,Evergreen San Jose Field (CA),37.508,-121.492,0.358,5.2,8.4
2024-01-18 10:00:00,field1,Evergreen San Jose Field (CA),37.508,-121.492,0.357,4.9,8.1
2024-01-18 11:00:00,field1,Evergreen San Jose Field (CA),37.508,-121.492,0.357,4.7,7.9
2024-01-18 12:00:00,field1,Evergreen San Jose Field (CA),37.508,-121.492,0.357,4.4,7.7
2024-01-18 13:00:00,field1,Evergreen San Jose Field (CA),37.508,-121.492,0.356,4.9,7.6
2024-01-18 14:00:00,field1,Evergreen San Jose Field (CA),37.508,-121.492,0.355,4.8,7.4
2024-01-18 15:00:00,field1,Evergreen San Jose Field (CA),37.508,-121.492,0.355,4.7,7.3
2024-01-18 16:00:00,field1,Evergreen San Jose Field (CA),37.508,-121.492,0.355,4.8,7.2
2024-01-18 17:00:00,field1,Evergreen San Jose Field (CA),37.508,-121.492,0.354,5.8,7.1
2024-01-18 18:00:00,field1,Evergreen San Jose Field (CA),37.508,-121.492,0.353,7.2,7.1
2024-01-18 19:00:00,field1,Evergreen San Jose Field (CA),37.508,-121.492,0.352,8.6,7.2
2024-01-18 20:00:00,field1,Evergreen San Jose Field (CA),37.508,-121.492,0.351,10.0,7.3
2024-01-18 21:00:00,field1,Evergreen San Jose Field (CA),37.508,-121.492,0.35,11.4,7.7
2024-01-18 22:00:00,field1,Evergreen San Jose Field (CA),37.508,-121.492,0.349,11.9,7.9
2024-01-18 23:00:00,field1,Evergreen San Jose Field (CA),37.508,-121.492,0.348,11.8,8.2
2024-01-19 00:00:00,field1,Evergreen San Jose Field (CA),37.508,-121.492,0.348,11.4,8.5
2024-01-19 01:00:00,field1,Evergreen San Jose Field (CA),37.508,-121.492,0.347,10.5,8.6
2024-01-19 02:00:00,field1,Evergreen San Jose Field (CA),37.508,-121.492,0.347,9.3,8.8
2024-01-19 03:00:00,field1,Evergreen San Jose Field (CA),37.508,-121.492,0.347,8.6,8.8
2024-01-19 04:00:00,field1,Evergreen San Jose Field (CA),37.508,-121.492,0.346,8.2,8.8
2024-01-19 05:00:00,field1,Evergreen San Jose Field (CA),37.508,-121.492,0.346,7.6,8.7
2024-01-19 06:00:00,field1,Evergreen San Jose Field (CA),37.508,-121.492,0.346,7.3,8.6
2024-01-19 07:00:00,field1,Evergreen San Jose Field (CA),37.508,-121.492,0.346,7.3,8.5
2024-01-19 08:00:00,field1,Evergreen San Jose Field (CA),37.508,-121.492,0.345,7.5,8.4
2024-01-19 09:00:00,field1,Evergreen San Jose Field (CA),37.508,-121.492,0.345,7.6,8.4
2024-01-19 10:00:00,field1,Evergreen San Jose Field (CA),37.508,-121.492,0.345,7.6,8.4
2024-01-19 11:00:00,field1,Evergreen San Jose Field (CA),37.508,-121.492,0.345,7.6,8.3
2024-01-19 12:00:00,field1,Evergreen San Jose Field (CA),37.508,-121.492,0.344,7.6,8.3
2024-01-19 13:00:00,field1,Evergreen San Jose Field (CA),37.508,-121.492,0.343,7.9,8.4
2024-01-19 14:00:00,field1,Evergreen San Jose Field (CA),37.508,-121.492,0.342,8.0,8.3
2024-01-19 15:00:00,field1,Evergreen San Jose Field (CA),37.508,-121.492,0.342,7.8,8.3
2024-01-19 16:00:00,field1,Evergreen San Jose Field (CA),37.508,-121.492,0.342,7.9,8.3
2024-01-19 17:00:00,field1,Evergreen San Jose Field (CA),37.508,-121.492,0.342,8.5,8.3
2024-01-19 18:00:00,field1,Evergreen San Jose Field (CA),37.508,-121.492,0.341,9.4,8.4
2024-01-19 19:00:00,field1,Evergreen San Jose Field (CA),37.508,-121.492,0.34,10.6,8.5
2024-01-19 20:00:00,field1,Evergreen San Jose Field (CA),37.508,-121.492,0.34,11.4,8.7
2024-01-19 21:00:00,field1,Evergreen San Jose Field (CA),37.508,-121.492,0.339,11.4,8.9
2024-01-19 22:00:00,field1,Evergreen San Jose Field (CA),37.508,-121.492,0.339,11.1,9.1
2024-01-19 23:00:00,field1,Evergreen San Jose Field (CA),37.508,-121.492,0.34,10.6,9.2
2024-01-20 00:00:00,field1,Evergreen San Jose Field (CA),37.508,-121.492,0.34,10.4,9.3
2024-01-20 01:00:00,field1,Evergreen San Jose Field (CA),37.508,-121.492,0.344,9.8,9.2
2024-01-20 02:00:00,field1,Evergreen San Jose Field (CA),37.508,-121.492,0.355,9.4,9.2
2024-01-20 03:00:00,field1,Evergreen San Jose Field (CA),37.508,-121.492,0.359,9.1,9.2
2024-01-20 04:00:00,field1,Evergreen San Jose Field (CA),37.508,-121.492,0.36,9.0,9.2
2024-01-20 05:00:00,field1,Evergreen San Jose Field (CA),37.508,-121.492,0.383,8.9,9.2
2024-01-20 06:00:00,field1,Evergreen San Jose Field (CA),37.508,-121.492,0.415,8.9,9.2
2024-01-20 07:00:00,field1,Evergreen San Jose Field (CA),37.508,-121.492,0.409,8.9,9.2
2024-01-20 08:00:00,field1,Evergreen San Jose Field (CA),37.508,-121.492,0.404,9.0,9.1
2024-01-20 09:00:00,field1,Evergreen San Jose Field (CA),37.508,-121.492,0.399,8.9,9.1
2024-01-20 10:00:00,field1,Evergreen San Jose Field (CA),37.508,-121.492,0.396,8.9,9.1
2024-01-20 11:00:00,field1,Evergreen San Jose Field (CA),37.508,-121.492,0.393,8.9,9.1
2024-01-20 12:00:00,field1,Evergreen San Jose Field (CA),37.508,-121.492,0.391,8.8,9.1
2024-01-20 13:00:00,field1,Evergreen San Jose Field (CA),37.508,-121.492,0.384,9.1,9.1
2024-01-20 14:00:00,field1,Evergreen San Jose Field (CA),37.508,-121.492,0.383,8.7,9.1
2024-01-20 15:00:00,field1,Evergreen San Jose Field (CA),37.508,-121.492,0.381,8.5,9.1
2024-01-20 16:00:00,field1,Evergreen San Jose Field (CA),37.508,-121.492,0.379,8.4,9.1
2024-01-20 17:00:00,field1,Evergreen San Jose Field (CA),37.508,-121.492,0.378,8.8,9.1
2024-01-20 18:00:00,field1,Evergreen San Jose Field (CA),37.508,-121.492,0.377,9.4,9.1
2024-01-20 19:00:00,field1,Evergreen San Jose Field (CA),37.508,-121.492,0.376,10.2,9.1
2024-01-20 20:00:00,field1,Evergreen San Jose Field (CA),37.508,-121.492,0.374,11.1,9.2
2024-01-20 21:00:00,field1,Evergreen San Jose Field (CA),37.508,-121.492,0.372,11.4,9.4
2024-01-20 22:00:00,field1,Evergreen San Jose Field (CA),37.508,-121.492,0.371,11.3,9.5
2024-01-20 23:00:00,field1,Evergreen San Jose Field (CA),37.508,-121.492,0.373,10.7,9.6
2024-01-21 00:00:00,field1,Evergreen San Jose Field (CA),37.508,-121.492,0.372,10.1,9.6
2024-01-21 01:00:00,field1,Evergreen San Jose Field (CA),37.508,-121.492,0.37,9.7,9.7
2024-01-21 02:00:00,field1,Evergreen San Jose Field (CA),37.508,-121.492,0.382,9.2,9.6
2024-01-21 03:00:00,field1,Evergreen San Jose Field (CA),37.508,-121.492,0.384,8.8,9.6
2024-01-21 04:00:00,field1,Evergreen San Jose Field (CA),37.508,-121.492,0.384,8.6,9.6
2024-01-21 05:00:00,field1,Evergreen San Jose Field (CA),37.508,-121.492,0.385,8.4,9.4
2024-01-21 06:00:00,field1,Evergreen San Jose Field (CA),37.508,-121.492,0.385,8.1,9.4
2024-01-21 07:00:00,field1,Evergreen San Jose Field (CA),37.508,-121.492,0.385,8.0,9.2
2024-01-21 08:00:00,field1,Evergreen San Jose Field (CA),37.508,-121.492,0.385,8.0,9.2
2024-01-21 09:00:00,field1,Evergreen San Jose Field (CA),37.508,-121.492,0.385,8.0,9.1
2024-01-21 10:00:00,field1,Evergreen San Jose Field (CA),37.508,-121.492,0.386,7.9,9.0
2024-01-21 11:00:00,field1,Evergreen San Jose Field (CA),37.508,-121.492,0.387,7.8,8.9
2024-01-21 12:00:00,field1,Evergreen San Jose Field (CA),37.508,-121.492,0.387,7.7,8.9
2024-01-21 13:00:00,field1,Evergreen San Jose Field (CA),37.508,-121.492,0.382,7.7,8.8
2024-01-21 14:00:00,field1,Evergreen San Jose Field (CA),37.508,-121.492,0.38,7.5,8.7
2024-01-21 15:00:00,field1,Evergreen San Jose Field (CA),37.508,-121.492,0.379,7.4,8.6
2024-01-21 16:00:00,field1,Evergreen San Jose Field (CA),37.508,-121.492,0.378,7.5,8.6
2024-01-21 17:00:00,field1,Evergreen San Jose Field (CA),37.508,-121.492,0.377,7.8,8.6
2024-01-21 18:00:00,field1,Evergreen San Jose Field (CA),37.508,-121.492,0.376,8.7,8.6
2024-01-21 19:00:00,field1,Evergreen San Jose Field (CA),37.508,-121.492,0.374,9.4,8.6
2024-01-21 20:00:00,field1,Evergreen San Jose Field (CA),37.508,-121.492,0.373,10.4,8.7
2024-01-21 21:00:00,field1,Evergreen San Jose Field (CA),37.508,-121.492,0.371,11.3,8.9
2024-01-21 22:00:00,field1,Evergreen San Jose Field (CA),37.508,-121.492,0.37,11.5,9.1
2024-01-21 23:00:00,field1,Evergreen San Jose Field (CA),37.508,-121.492,0.368,11.5,9.2
2024-01-22 00:00:00,field1,Evergreen San Jose Field (CA),37.508,-121.492,0.367,11.2,9.4
2024-01-22 01:00:00,field1,Evergreen San Jose Field (CA),37.508,-121.492,0.369,11.1,9.6
2024-01-22 02:00:00,field1,Evergreen San Jose Field (CA),37.508,-121.492,0.368,10.5,9.8
2024-01-22 03:00:00,field1,Evergreen San Jose Field (CA),37.508,-121.492,0.367,10.1,9.8
2024-01-22 04:00:00,field1,Evergreen San Jose Field (CA),37.508,-121.492,0.405,9.6,9.8
2024-01-22 05:00:00,field1,Evergreen San Jose Field (CA),37.508,-121.492,0.427,9.2,9.8
2024-01-22 06:00:00,field1,Evergreen San Jose Field (CA),37.508,-121.492,0.423,9.1,9.7
2024-01-22 07:00:00,field1,Evergreen San Jose Field (CA),37.508,-121.492,0.418,8.9,9.6
2024-01-22 08:00:00,field1,Evergreen San Jose Field (CA),37.508,-121.492,0.421,8.9,9.6
2024-01-22 09:00:00,field1,Evergreen San Jose Field (CA),37.508,-121.492,0.43,8.9,9.6
2024-01-22 10:00:00,field1,Evergreen San Jose Field (CA),37.508,-121.492,0.436,8.9,9.5
2024-01-22 11:00:00,field1,Evergreen San Jose Field (CA),37.508,-121.492,0.437,8.9,9.4
2024-01-22 12:00:00,field1,Evergreen San Jose Field (CA),37.508,-121.492,0.429,8.9,9.4
2024-01-22 13:00:00,field1,Evergreen San Jose Field (CA),37.508,-121.492,0.417,9.6,9.6
2024-01-22 14:00:00,field1,Evergreen San Jose Field (CA),37.508,-121.492,0.416,9.4,9.6
2024-01-22 15:00:00,field1,Evergreen San Jose Field (CA),37.508,-121.492,0.413,9.2,9.6
2024-01-22 16:00:00,field1,Evergreen San Jose Field (CA),37.508,-121.492,0.409,9.1,9.6
2024-01-22 17:00:00,field1,Evergreen San Jose Field (CA),37.508,-121.492,0.406,9.3,9.5
2024-01-22 18:00:00,field1,Evergreen San Jose Field (CA),37.508,-121.492,0.403,10.0,9.6
2024-01-22 19:00:00,field1,Evergreen San Jose Field (CA),37.508,-121.492,0.4,10.9,9.6
2024-01-22 20:00:00,field1,Evergreen San Jose Field (CA),37.508,-121.492,0.399,11.8,9.8
2024-01-22 21:00:00,field1,Evergreen San Jose Field (CA),37.508,-121.492,0.439,11.4,9.9
2024-01-22 22:00:00,field1,Evergreen San Jose Field (CA),37.508,-121.492,0.421,11.2,10.0
2024-01-22 23:00:00,field1,Evergreen San Jose Field (CA),37.508,-121.492,0.42,11.1,10.1
2024-01-23 00:00:00,field1,Evergreen San Jose Field (CA),37.508,-121.492,0.421,10.8,10.1
2024-01-23 01:00:00,field1,Evergreen San Jose Field (CA),37.508,-121.492,0.415,10.2,10.1
2024-01-23 02:00:00,field1,Evergreen San Jose Field (CA),37.508,-121.492,0.426,9.6,10.1
2024-01-23 03:00:00,field1,Evergreen San Jose Field (CA),37.508,-121.492,0.421,9.2,10.0
2024-01-23 04:00:00,field1,Evergreen San Jose Field (CA),37.508,-121.492,0.416,8.6,9.9
2024-01-23 05:00:00,field1,Evergreen San Jose Field (CA),37.508,-121.492,0.413,8.2,9.8
2024-01-23 06:00:00,field1,Evergreen San Jose Field (CA),37.508,-121.492,0.41,7.9,9.6
2024-01-23 07:00:00,field1,Evergreen San Jose Field (CA),37.508,-121.492,0.407,7.8,9.6
2024-01-23 08:00:00,field1,Evergreen San Jose Field (CA),37.508,-121.492,0.405,7.9,9.4
2024-01-23 09:00:00,field1,Evergreen San Jose Field (CA),37.508,-121.492,0.404,8.1,9.3
2024-01-23 10:00:00,field1,Evergreen San Jose Field (CA),37.508,-121.492,0.402,8.1,9.2
2024-01-23 11:00:00,field1,Evergreen San Jose Field (CA),37.508,-121.492,0.401,8.0,9.1
2024-01-23 12:00:00,field1,Evergreen San Jose Field (CA),37.508,-121.492,0.4,7.8,9.1
2024-01-23 13:00:00,field1,Evergreen San Jose Field (CA),37.508,-121.492,0.396,9.1,9.2
2024-01-23 14:00:00,field1,Evergreen San Jose Field (CA),37.508,-121.492,0.395,8.5,9.2
2024-01-23 15:00:00,field1,Evergreen San Jose Field (CA),37.508,-121.492,0.394,8.1,9.1
2024-01-23 16:00:00,field1,Evergreen San Jose Field (CA),37.508,-121.492,0.393,8.0,9.1
2024-01-23 17:00:00,field1,Evergreen San Jose Field (CA),37.508,-121.492,0.392,8.4,9.1
2024-01-23 18:00:00,field1,Evergreen San Jose Field (CA),37.508,-121.492,0.391,9.3,9.1
2024-01-23 19:00:00,field1,Evergreen San Jose Field (CA),37.508,-121.492,0.39,10.3,9.1
2024-01-23 20:00:00,field1,Evergreen San Jose Field (CA),37.508,-121.492,0.389,11.1,9.2
2024-01-23 21:00:00,field1,Evergreen San Jose Field (CA),37.508,-121.492,0.387,11.9,9.4
2024-01-23 22:00:00,field1,Evergreen San Jose Field (CA),37.508,-121.492,0.386,12.5,9.6
2024-01-23 23:00:00,field1,Evergreen San Jose Field (CA),37.508,-121.492,0.384,12.6,9.9
2024-01-24 00:00:00,field1,Evergreen San Jose Field (CA),37.508,-121.492,0.383,12.2,10.1
2024-01-24 01:00:00,field1,Evergreen San Jose Field (CA),37.508,-121.492,0.378,11.6,10.0
2024-01-24 02:00:00,field1,Evergreen San Jose Field (CA),37.508,-121.492,0.378,10.5,10.1
2024-01-24 03:00:00,field1,Evergreen San Jose Field (CA),37.508,-121.492,0.377,9.6,10.1
2024-01-24 04:00:00,field1,Evergreen San Jose Field (CA),37.508,-121.492,0.377,9.0,10.0
2024-01-24 05:00:00,field1,Evergreen San Jose Field (CA),37.508,-121.492,0.376,8.6,9.9
2024-01-24 06:00:00,field1,Evergreen San Jose Field (CA),37.508,-121.492,0.376,8.2,9.8
2024-01-24 07:00:00,field1,Evergreen San Jose Field (CA),37.508,-121.492,0.376,8.1,9.7
2024-01-24 08:00:00,field1,Evergreen San Jose Field (CA),37.508,-121.492,0.375,7.8,9.6
2024-01-24 09:00:00,field1,Evergreen San Jose Field (CA),37.508,-121.492,0.394,7.8,9.4
2024-01-24 10:00:00,field1,Evergreen San Jose Field (CA),37.508,-121.492,0.418,7.7,9.4
2024-01-24 11:00:00,field1,Evergreen San Jose Field (CA),37.508,-121.492,0.413,7.4,9.2
2024-01-24 12:00:00,field1,Evergreen San Jose Field (CA),37.508,-121.492,0.409,7.3,9.1
2024-01-24 13:00:00,field1,Evergreen San Jose Field (CA),37.508,-121.492,0.396,7.5,9.0
2024-01-24 14:00:00,field1,Evergreen San Jose Field (CA),37.508,-121.492,0.4,7.7,8.9
2024-01-24 15:00:00,field1,Evergreen San Jose Field (CA),37.508,-121.492,0.402,7.7,8.9
2024-01-24 16:00:00,field1,Evergreen San Jose Field (CA),37.508,-121.492,0.417,7.8,8.8
2024-01-24 17:00:00,field1,Evergreen San Jose Field (CA),37.508,-121.492,0.427,7.9,8.8
2024-01-24 18:00:00,field1,Evergreen San Jose Field (CA),37.508,-121.492,0.432,8.2,8.7
2024-01-24 19:00:00,field1,Evergreen San Jose Field (CA),37.508,-121.492,0.428,8.8,8.7
2024-01-24 20:00:00,field1,Evergreen San Jose Field (CA),37.508,-121.492,0.42,9.2,8.8
2024-01-24 21:00:00,field1,Evergreen San Jose Field (CA),37.508,-121.492,0.416,9.4,8.9
2024-01-24 22:00:00,field1,Evergreen San Jose Field (CA),37.508,-121.492,0.412,9.8,8.9
2024-01-24 23:00:00,field1,Evergreen San Jose Field (CA),37.508,-121.492,0.41,9.9,9.0
2024-01-25 00:00:00,field1,Evergreen San Jose Field (CA),37.508,-121.492,0.407,10.2,9.1
2024-01-25 01:00:00,field1,Evergreen San Jose Field (CA),37.508,-121.492,0.403,10.6,9.4
2024-01-25 02:00:00,field1,Evergreen San Jose Field (CA),37.508,-121.492,0.401,10.1,9.4
2024-01-25 03:00:00,field1,Evergreen San Jose Field (CA),37.508,-121.492,0.399,9.9,9.5
2024-01-25 04:00:00,field1,Evergreen San Jose Field (CA),37.508,-121.492,0.398,9.6,9.5
2024-01-25 05:00:00,field1,Evergreen San Jose Field (CA),37.508,-121.492,0.397,9.4,9.5
2024-01-25 06:00:00,field1,Evergreen San Jose Field (CA),37.508,-121.492,0.395,9.3,9.5
2024-01-25 07:00:00,field1,Evergreen San Jose Field (CA),37.508,-121.492,0.394,9.3,9.5
2024-01-25 08:00:00,field1,Evergreen San Jose Field (CA),37.508,-121.492,0.393,9.1,9.5
2024-01-25 09:00:00,field1,Evergreen San Jose Field (CA),37.508,-121.492,0.392,8.6,9.4
2024-01-25 10:00:00,field1,Evergreen San Jose Field (CA),37.508,-121.492,0.391,8.2,9.4
2024-01-25 11:00:00,field1,Evergreen San Jose Field (CA),37.508,-121.492,0.39,7.9,9.3
2024-01-25 12:00:00,field1,Evergreen San Jose Field (CA),37.508,-121.492,0.39,7.4,9.2
2024-01-25 13:00:00,field1,Evergreen San Jose Field (CA),37.508,-121.492,0.388,7.7,9.1
2024-01-25 14:00:00,field1,Evergreen San Jose Field (CA),37.508,-121.492,0.387,6.8,9.0
2024-01-25 15:00:00,field1,Evergreen San Jose Field (CA),37.508,-121.492,0.386,6.2,8.9
2024-01-25 16:00:00,field1,Evergreen San Jose Field (CA),37.508,-121.492,0.386,5.9,8.6
2024-01-25 17:00:00,field1,Evergreen San Jose Field (CA),37.508,-121.492,0.385,6.9,8.5
2024-01-25 18:00:00,field1,Evergreen San Jose Field (CA),37.508,-121.492,0.384,8.4,8.5
2024-01-25 19:00:00,field1,Evergreen San Jose Field (CA),37.508,-121.492,0.382,9.9,8.6
2024-01-25 20:00:00,field1,Evergreen San Jose Field (CA),37.508,-121.492,0.381,11.0,8.8
2024-01-25 21:00:00,field1,Evergreen San Jose Field (CA),37.508,-121.492,0.38,11.9,8.9
2024-01-25 22:00:00,field1,Evergreen San Jose Field (CA),37.508,-121.492,0.378,12.2,9.2
2024-01-25 23:00:00,field1,Evergreen San Jose Field (CA),37.508,-121.492,0.377,12.2,9.4
2024-01-26 00:00:00,field1,Evergreen San Jose Field (CA),37.508,-121.492,0.376,11.9,9.6
2024-01-26 01:00:00,field1,Evergreen San Jose Field (CA),37.508,-121.492,0.373,11.2,9.8
2024-01-26 02:00:00,field1,Evergreen San Jose Field (CA),37.508,-121.492,0.373,9.8,9.8
2024-01-26 03:00:00,field1,Evergreen San Jose Field (CA),37.508,-121.492,0.373,8.9,9.8
2024-01-26 04:00:00,field1,Evergreen San Jose Field (CA),37.508,-121.492,0.372,8.1,9.6
2024-01-26 05:00:00,field1,Evergreen San Jose Field (CA),37.508,-121.492,0.372,7.5,9.6
2024-01-26 06:00:00,field1,Evergreen San Jose Field (CA),37.508,-121.492,0.372,7.2,9.4
2024-01-26 07:00:00,field1,Evergreen San Jose Field (CA),37.508,-121.492,0.371,6.6,9.2
2024-01-26 08:00:00,field1,Evergreen San Jose Field (CA),37.508,-121.492,0.371,6.3,9.1
2024-01-26 09:00:00,field1,Evergreen San Jose Field (CA),37.508,-121.492,0.371,6.1,8.9
2024-01-26 10:00:00,field1,Evergreen San Jose Field (CA),37.508,-121.492,0.37,5.8,8.6
2024-01-26 11:00:00,field1,Evergreen San Jose Field (CA),37.508,-121.492,0.37,6.2,8.5
2024-01-26 12:00:00,field1,Evergreen San Jose Field (CA),37.508,-121.492,0.37,5.7,8.4
2024-01-26 13:00:00,field1,Evergreen San Jose Field (CA),37.508,-121.492,0.368,6.2,8.4
2024-01-26 14:00:00,field1,Evergreen San Jose Field (CA),37.508,-121.492,0.368,6.2,8.3
2024-01-26 15:00:00,field1,Evergreen San Jose Field (CA),37.508,-121.492,0.368,6.3,8.1
2024-01-26 16:00:00,field1,Evergreen San Jose Field (CA),37.508,-121.492,0.367,6.3,8.1
2024-01-26 17:00:00,field1,Evergreen San Jose Field (CA),37.508,-121.492,0.367,7.4,8.0
2024-01-26 18:00:00,field1,Evergreen San Jose Field (CA),37.508,-121.492,0.366,8.9,8.1
2024-01-26 19:00:00,field1,Evergreen San Jose Field (CA),37.508,-121.492,0.365,10.4,8.2
2024-01-26 20:00:00,field1,Evergreen San Jose Field (CA),37.508,-121.492,0.364,11.8,8.5
2024-01-26 21:00:00,field1,Evergreen San Jose Field (CA),37.508,-121.492,0.362,12.8,8.8
2024-01-26 22:00:00,field1,Evergreen San Jose Field (CA),37.508,-121.492,0.362,13.0,9.1
2024-01-26 23:00:00,field1,Evergreen San Jose Field (CA),37.508,-121.492,0.361,12.6,9.4
2024-01-27 00:00:00,field1,Evergreen San Jose Field (CA),37.508,-121.492,0.361,12.4,9.6
2024-01-27 01:00:00,field1,Evergreen San Jose Field (CA),37.508,-121.492,0.355,11.6,9.6
2024-01-27 02:00:00,field1,Evergreen San Jose Field (CA),37.508,-121.492,0.355,10.7,9.8
2024-01-27 03:00:00,field1,Evergreen San Jose Field (CA),37.508,-121.492,0.355,9.8,9.8
2024-01-27 04:00:00,field1,Evergreen San Jose Field (CA),37.508,-121.492,0.355,9.2,9.8
2024-01-27 05:00:00,field1,Evergreen San Jose Field (CA),37.508,-121.492,0.354,8.9,9.8
2024-01-27 06:00:00,field1,Evergreen San Jose Field (CA),37.508,-121.492,0.354,8.8,9.7
2024-01-27 07:00:00,field1,Evergreen San Jose Field (CA),37.508,-121.492,0.354,8.8,9.6
2024-01-27 08:00:00,field1,Evergreen San Jose Field (CA),37.508,-121.492,0.354,8.8,9.6
2024-01-27 09:00:00,field1,Evergreen San Jose Field (CA),37.508,-121.492,0.354,8.6,9.5
2024-01-27 10:00:00,field1,Evergreen San Jose Field (CA),37.508,-121.492,0.354,8.6,9.4
2024-01-27 11:00:00,field1,Evergreen San Jose Field (CA),37.508,-121.492,0.354,8.6,9.4
2024-01-27 12:00:00,field1,Evergreen San Jose Field (CA),37.508,-121.492,0.354,8.4,9.4
2024-01-27 13:00:00,field1,Evergreen San Jose Field (CA),37.508,-121.492,0.356,8.4,9.4
2024-01-27 14:00:00,field1,Evergreen San Jose Field (CA),37.508,-121.492,0.356,8.1,9.3
2024-01-27 15:00:00,field1,Evergreen San Jose Field (CA),37.508,-121.492,0.356,8.1,9.2
2024-01-27 16:00:00,field1,Evergreen San Jose Field (CA),37.508,-121.492,0.356,8.4,9.1
2024-01-27 17:00:00,field1,Evergreen San Jose Field (CA),37.508,-121.492,0.356,9.1,9.1
2024-01-27 18:00:00,field1,Evergreen San Jose Field (CA),37.508,-121.492,0.355,10.1,9.2
2024-01-27 19:00:00,field1,Evergreen San Jose Field (CA),37.508,-121.492,0.355,11.3,9.4
2024-01-27 20:00:00,field1,Evergreen San Jose Field (CA),37.508,-121.492,0.354,12.4,9.6
2024-01-27 21:00:00,field1,Evergreen San Jose Field (CA),37.508,-121.492,0.353,13.4,9.8
2024-01-27 22:00:00,field1,Evergreen San Jose Field (CA),37.508,-121.492,0.352,14.0,10.1
2024-01-27 23:00:00,field1,Evergreen San Jose Field (CA),37.508,-121.492,0.352,14.1,10.4
2024-01-28 00:00:00,field1,Evergreen San Jose Field (CA),37.508,-121.492,0.351,13.7,10.6
2024-01-28 01:00:00,field1,Evergreen San Jose Field (CA),37.508,-121.492,0.347,13.1,10.7
2024-01-28 02:00:00,field1,Evergreen San Jose Field (CA),37.508,-121.492,0.347,11.8,10.8
2024-01-28 03:00:00,field1,Evergreen San Jose Field (CA),37.508,-121.492,0.347,11.0,10.8
2024-01-28 04:00:00,field1,Evergreen San Jose Field (CA),37.508,-121.492,0.347,10.3,10.8
2024-01-28 05:00:00,field1,Evergreen San Jose Field (CA),37.508,-121.492,0.347,9.8,10.7
2024-01-28 06:00:00,field1,Evergreen San Jose Field (CA),37.508,-121.492,0.347,9.4,10.6
2024-01-28 07:00:00,field1,Evergreen San Jose Field (CA),37.508,-121.492,0.347,9.4,10.6
2024-01-28 08:00:00,field1,Evergreen San Jose Field (CA),37.508,-121.492,0.347,9.4,10.4
2024-01-28 09:00:00,field1,Evergreen San Jose Field (CA),37.508,-121.492,0.347,9.1,10.4
2024-01-28 10:00:00,field1,Evergreen San Jose Field (CA),37.508,-121.492,0.347,8.9,10.2
2024-01-28 11:00:00,field1,Evergreen San Jose Field (CA),37.508,-121.492,0.347,8.6,10.1
2024-01-28 12:00:00,field1,Evergreen San Jose Field (CA),37.508,-121.492,0.347,8.2,10.0
2024-01-28 13:00:00,field1,Evergreen San Jose Field (CA),37.508,-121.492,0.341,9.1,10.1
2024-01-28 14:00:00,field1,Evergreen San Jose Field (CA),37.508,-121.492,0.341,8.6,10.0
2024-01-28 15:00:00,field1,Evergreen San Jose Field (CA),37.508,-121.492,0.341,8.6,9.9
2024-01-28 16:00:00,field1,Evergreen San Jose Field (CA),37.508,-121.492,0.341,8.9,9.8
2024-01-28 17:00:00,field1,Evergreen San Jose Field (CA),37.508,-121.492,0.34,10.1,9.8
2024-01-28 18:00:00,field1,Evergreen San Jose Field (CA),37.508,-121.492,0.34,12.1,9.9
2024-01-28 19:00:00,field1,Evergreen San Jose Field (CA),37.508,-121.492,0.339,13.8,10.1
2024-01-28 20:00:00,field1,Evergreen San Jose Field (CA),37.508,-121.492,0.338,14.9,10.4
2024-01-28 21:00:00,field1,Evergreen San Jose Field (CA),37.508,-121.492,0.337,15.9,10.8
2024-01-28 22:00:00,field1,Evergreen San Jose Field (CA),37.508,-121.492,0.336,16.3,11.1
2024-01-28 23:00:00,field1,Evergreen San Jose Field (CA),37.508,-121.492,0.335,16.5,11.5
2024-01-29 00:00:00,field1,Evergreen San Jose Field (CA),37.508,-121.492,0.335,16.2,11.8
2024-01-29 01:00:00,field1,Evergreen San Jose Field (CA),37.508,-121.492,0.328,16.0,12.2
2024-01-29 02:00:00,field1,Evergreen San Jose Field (CA),37.508,-121.492,0.329,14.4,12.4
2024-01-29 03:00:00,field1,Evergreen San Jose Field (CA),37.508,-121.492,0.329,13.1,12.4
2024-01-29 04:00:00,field1,Evergreen San Jose Field (CA),37.508,-121.492,0.329,12.2,12.4
2024-01-29 05:00:00,field1,Evergreen San Jose Field (CA),37.508,-121.492,0.329,11.6,12.3
2024-01-29 06:00:00,field1,Evergreen San Jose Field (CA),37.508,-121.492,0.329,11.0,12.2
2024-01-29 07:00:00,field1,Evergreen San Jose Field (CA),37.508,-121.492,0.329,10.6,12.1
2024-01-29 08:00:00,field1,Evergreen San Jose Field (CA),37.508,-121.492,0.329,10.1,11.9
2024-01-29 09:00:00,field1,Evergreen San Jose Field (CA),37.508,-121.492,0.329,9.8,11.8
2024-01-29 10:00:00,field1,Evergreen San Jose Field (CA),37.508,-121.492,0.329,9.4,11.6
2024-01-29 11:00:00,field1,Evergreen San Jose Field (CA),37.508,-121.492,0.329,9.2,11.4
2024-01-29 12:00:00,field1,Evergreen San Jose Field (CA),37.508,-121.492,0.329,8.9,11.2
2024-01-29 13:00:00,field1,Evergreen San Jose Field (CA),37.508,-121.492,0.328,9.1,11.1
2024-01-29 14:00:00,field1,Evergreen San Jose Field (CA),37.508,-121.492,0.328,8.8,10.9
2024-01-29 15:00:00,field1,Evergreen San Jose Field (CA),37.508,-121.492,0.328,8.5,10.8
2024-01-29 16:00:00,field1,Evergreen San Jose Field (CA),37.508,-121.492,0.328,8.8,10.6
2024-01-29 17:00:00,field1,Evergreen San Jose Field (CA),37.508,-121.492,0.328,10.4,10.6
2024-01-29 18:00:00,field1,Evergreen San Jose Field (CA),37.508,-121.492,0.327,12.5,10.6
2024-01-29 19:00:00,field1,Evergreen San Jose Field (CA),37.508,-121.492,0.326,14.4,10.8
2024-01-29 20:00:00,field1,Evergreen San Jose Field (CA),37.508,-121.492,0.325,16.0,11.1
2024-01-29 21:00:00,field1,Evergreen San Jose Field (CA),37.508,-121.492,0.324,17.2,11.5
2024-01-29 22:00:00,field1,Evergreen San Jose Field (CA),37.508,-121.492,0.323,17.9,11.9
2024-01-29 23:00:00,field1,Evergreen San Jose Field (CA),37.508,-121.492,0.322,18.0,12.3
2024-01-30 00:00:00,field1,Evergreen San Jose Field (CA),37.508,-121.492,0.321,17.5,12.6
2024-01-30 01:00:00,field1,Evergreen San Jose Field (CA),37.508,-121.492,0.315,16.2,12.7
2024-01-30 02:00:00,field1,Evergreen San Jose Field (CA),37.508,-121.492,0.315,14.5,12.9
2024-01-30 03:00:00,field1,Evergreen San Jose Field (CA),37.508,-121.492,0.315,13.2,12.9
2024-01-30 04:00:00,field1,Evergreen San Jose Field (CA),37.508,-121.492,0.316,12.4,12.8
2024-01-30 05:00:00,field1,Evergreen San Jose Field (CA),37.508,-121.492,0.316,11.6,12.7
2024-01-30 06:00:00,field1,Evergreen San Jose Field (CA),37.508,-121.492,0.316,11.2,12.6
2024-01-30 07:00:00,field1,Evergreen San Jose Field (CA),37.508,-121.492,0.316,11.0,12.4
2024-01-30 08:00:00,field1,Evergreen San Jose Field (CA),37.508,-121.492,0.316,10.6,12.3
2024-01-30 09:00:00,field1,Evergreen San Jose Field (CA),37.508,-121.492,0.316,10.4,12.1
2024-01-30 10:00:00,field1,Evergreen San Jose Field (CA),37.508,-121.492,0.316,10.1,12.0
2024-01-30 11:00:00,field1,Evergreen San Jose Field (CA),37.508,-121.492,0.316,9.9,11.8
2024-01-30 12:00:00,field1,Evergreen San Jose Field (CA),37.508,-121.492,0.316,9.6,11.6
2024-01-30 13:00:00,field1,Evergreen San Jose Field (CA),37.508,-121.492,0.315,10.7,11.6
2024-01-30 14:00:00,field1,Evergreen San Jose Field (CA),37.508,-121.492,0.316,10.4,11.5
2024-01-30 15:00:00,field1,Evergreen San Jose Field (CA),37.508,-121.492,0.316,10.4,11.4
2024-01-30 16:00:00,field1,Evergreen San Jose Field (CA),37.508,-121.492,0.316,10.5,11.4
2024-01-30 17:00:00,field1,Evergreen San Jose Field (CA),37.508,-121.492,0.315,11.3,11.3
2024-01-30 18:00:00,field1,Evergreen San Jose Field (CA),37.508,-121.492,0.315,12.7,11.4
2024-01-30 19:00:00,field1,Evergreen San Jose Field (CA),37.508,-121.492,0.314,14.2,11.5
2024-01-30 20:00:00,field1,Evergreen San Jose Field (CA),37.508,-121.492,0.313,15.6,11.7
2024-01-30 21:00:00,field1,Evergreen San Jose Field (CA),37.508,-121.492,0.312,16.6,12.0
2024-01-30 22:00:00,field1,Evergreen San Jose Field (CA),37.508,-121.492,0.31,17.1,12.3
2024-01-30 23:00:00,field1,Evergreen San Jose Field (CA),37.508,-121.492,0.31,17.0,12.6
2024-01-31 00:00:00,field1,Evergreen San Jose Field (CA),37.508,-121.492,0.309,16.2,12.9
2024-01-31 01:00:00,field1,Evergreen San Jose Field (CA),37.508,-121.492,0.298,15.3,12.7
2024-01-31 02:00:00,field1,Evergreen San Jose Field (CA),37.508,-121.492,0.298,13.8,12.8
2024-01-31 03:00:00,field1,Evergreen San Jose Field (CA),37.508,-121.492,0.298,12.8,12.8
2024-01-31 04:00:00,field1,Evergreen San Jose Field (CA),37.508,-121.492,0.298,12.4,12.7
2024-01-31 05:00:00,field1,Evergreen San Jose Field (CA),37.508,-121.492,0.298,12.4,12.6
2024-01-31 06:00:00,field1,Evergreen San Jose Field (CA),37.508,-121.492,0.298,12.2,12.6
2024-01-31 07:00:00,field1,Evergreen San Jose Field (CA),37.508,-121.492,0.298,12.1,12.6
2024-01-31 08:00:00,field1,Evergreen San Jose Field (CA),37.508,-121.492,0.298,11.9,12.4
2024-01-31 09:00:00,field1,Evergreen San Jose Field (CA),37.508,-121.492,0.298,11.6,12.4
2024-01-31 10:00:00,field1,Evergreen San Jose Field (CA),37.508,-121.492,0.298,11.6,12.3
2024-01-31 11:00:00,field1,Evergreen San Jose Field (CA),37.508,-121.492,0.298,11.6,12.2
2024-01-31 12:00:00,field1,Evergreen San Jose Field (CA),37.508,-121.492,0.298,11.4,12.1
2024-01-31 13:00:00,field1,Evergreen San Jose Field (CA),37.508,-121.492,0.295,11.0,12.1
2024-01-31 14:00:00,field1,Evergreen San Jose Field (CA),37.508,-121.492,0.295,10.7,11.9
2024-01-31 15:00:00,field1,Evergreen San Jose Field (CA),37.508,-121.492,0.295,10.3,11.9
2024-01-31 16:00:00,field1,Evergreen San Jose Field (CA),37.508,-121.492,0.303,9.9,11.7
2024-01-31 17:00:00,field1,Evergreen San Jose Field (CA),37.508,-121.492,0.307,9.4,11.6
2024-01-31 18:00:00,field1,Evergreen San Jose Field (CA),37.508,-121.492,0.31,9.4,11.4
2024-01-31 19:00:00,field1,Evergreen San Jose Field (CA),37.508,-121.492,0.31,9.4,11.2
2024-01-31 20:00:00,field1,Evergreen San Jose Field (CA),37.508,-121.492,0.31,9.8,11.1
2024-01-31 21:00:00,field1,Evergreen San Jose Field (CA),37.508,-121.492,0.31,9.9,11.1
2024-01-31 22:00:00,field1,Evergreen San Jose Field (CA),37.508,-121.492,0.31,10.0,11.0
2024-01-31 23:00:00,field1,Evergreen San Jose Field (CA),37.508,-121.492,0.31,10.1,10.9
